"Order Reference","Customer","Description","Quantity","Delivered Quantity","Invoiced Quantity","Subtotal","Unit Price"
"S00003","Ready Mat","Virtual Interior Design","10.0","0.0","0.0","307.5","30.75"
"S00003","Ready Mat","[FURN_7777] Office Chair","1.0","0.0","0.0","70.0","70.0"
"S00004","Gemini Furniture","Virtual Interior Design","16.0","0.0","0.0","1200.0","75.0"
"S00004","Gemini Furniture","[FURN_8888] Office Lamp","10.0","0.0","0.0","450.0","45.0"
"S00004","Gemini Furniture","[FURN_6741] Large Meeting Table
Conference room table","3.0","0.0","0.0","450.0","150.0"
"S00004","Gemini Furniture","[FURN_7777] Office Chair","2.0","0.0","0.0","140.0","70.0"
